{"schemaVersion":"1.0","appDefinitionTemplate":{"id":"/providers/Microsoft.PowerApps/apps/","type":"Microsoft.PowerApps/apps","tags":{"primaryDeviceWidth":"1366","primaryDeviceHeight":"768","supportsPortrait":"true","supportsLandscape":"true","primaryFormFactor":"Tablet","showStatusBar":"false","publisherVersion":"3.25051.13","minimumRequiredApiVersion":"2.2.0","hasComponent":"false","hasUnlockedComponent":"false","isUnifiedRootApp":"false","sienaVersion":"20250520T175430Z-3.25051.13.0"},"properties":{"appVersion":"2025-05-20T17:54:30Z","lifeCycleId":"Published","createdByClientVersion":{"major":3,"minor":25051,"build":13,"revision":0,"majorRevision":0,"minorRevision":0},"minClientVersion":{"major":3,"minor":25051,"build":13,"revision":0,"majorRevision":0,"minorRevision":0},"backgroundColor":"rgba(255, 255, 255, 1)","backgroundImageUri":"/6660935209027647270/N1fb71007-a926-4229-ae09-2e54e4699f71-logoSmallFile","displayName":"Sportify","description":"Aplicación que gestiona reservas deportivas","commitMessage":"","appUris":{"documentUri":{"value":"/6660935209027647270/N3199cf01-cff3-4ea5-8eab-6b24c00d6048-document.msapp"},"imageUris":[],"additionalUris":[{"isSolutionAware":false,"value":"/6660935209027647270/Ncc093aa5-1410-423c-8dc4-33dfca5da0a5-identity.json"}]},"createdTime":"0001-01-01T00:00:00Z","lastModifiedTime":"0001-01-01T00:00:00Z","sharedGroupsCount":0,"sharedUsersCount":0,"connectionReferences":{"ba224b7b-fdd8-4a9f-96ba-5c1e0f971f89":{"id":"c5e61e52-2f68-48a5-bdd1-fd370268cd7e","displayName":"Flujos lógicos","iconUri":"https://conn-afd-prod-endpoint-bmc9bqahasf3grgk.b01.azurefd.net/releases/v1.0.1745/1.0.1745.4169/logicflows/icon.png","dataSources":["CodificarPassword"],"dependencies":[],"dependents":[],"parameterHints":{"workflowName":{"value":"71c55448-d3d5-470f-99de-beabf9b36824"},"workflowEntityId":{},"workflowDisplayName":{"value":"CodificarPassword"}},"parameterHintsV2":{"workflowName":{"value":"71c55448-d3d5-470f-99de-beabf9b36824"},"workflowEntityId":{},"workflowDisplayName":{"value":"CodificarPassword"}},"isOnPremiseConnection":false,"bypassConsent":false,"dataSets":{},"apiTier":"Standard","isCustomApiConnection":false,"actions":["Run"]},"ac41ee0c-1521-4c69-a066-9e56a3be7019":{"id":"9216de8e-31f7-4bac-8b5d-a66968fadf06","displayName":"SharePoint","iconUri":"https://conn-afd-prod-endpoint-bmc9bqahasf3grgk.b01.azurefd.net/releases/v1.0.1746/1.0.1746.4174/sharepointonline/icon.png","dataSources":["RESERVAS","USUARIOS"],"dependencies":[],"dependents":[],"parameterHints":{},"parameterHintsV2":{},"isOnPremiseConnection":false,"bypassConsent":false,"dataSets":{"https://educajcyl.sharepoint.com/sites/GestionPistas":{"dataSources":{"RESERVAS":{"tableName":"0e6416e7-4b76-4927-9ade-e8492b392d22"},"USUARIOS":{"tableName":"0a545da8-d53b-41b0-865a-b2c4b09b9a8c"}}}},"apiTier":"Standard","isCustomApiConnection":false,"actions":["providers/PowerPlatform.Governance/Operations/Read","providers/PowerPlatform.Governance/Operations/Write","providers/PowerPlatform.Governance/Operations/Delete"]}},"databaseReferences":{},"almMode":"Environment","performanceOptimizationEnabled":true,"canConsumeAppPass":false,"enableModernRuntimeMode":false,"executionRestrictions":{"isTeamsOnly":false,"dataLossPreventionEvaluationResult":{"status":"Compliant","lastEvaluationDate":"2025-05-12T13:51:15.386608Z","violations":[],"violationsByPolicy":[],"violationErrorMessage":"La aplicación usa los siguientes conectores: shared_logicflows, shared_sharepointonline."},"httpActionRestriction":{"appUsesSharepointHttpAction":false,"enforcementStrategy":"Legacy","evaluationTime":"2025-05-12T13:51:15.3865291Z"}}},"isAppComponentLibrary":false,"appType":"ClassicCanvasApp","appComponents":[]}}