{"name":"eb24da74-b9cf-40da-84e5-04bc2c4e922c","id":"/providers/Microsoft.Flow/flows/eb24da74-b9cf-40da-84e5-04bc2c4e922c","type":"Microsoft.Flow/flows","properties":{"apiId":"/providers/Microsoft.PowerApps/apis/shared_logicflows","displayName":"CodificarPassword","definition":{"metadata":{"workflowEntityId":null,"processAdvisorMetadata":null,"flowChargedByPaygo":null,"flowclientsuspensionreason":"None","flowclientsuspensiontime":null,"flowclientsuspensionreasondetails":null,"creator":{"id":"4e2cebeb-6cbe-466b-aedb-214df2ba75b2","type":"User","tenantId":"669222ee-d5e5-4539-987e-a3015ab6df31"},"provisioningMethod":"FromDefinition","failureAlertSubscription":true,"clientLastModifiedTime":"2025-05-20T18:23:26.724949Z","connectionKeySavedTimeKey":"2025-05-20T18:23:26.724949Z","creationSource":"Portal","modifiedSources":"Portal"},"$schema":"https://schema.management.azure.com/providers/Microsoft.Logic/schemas/2016-06-01/workflowdefinition.json#","contentVersion":"undefined","parameters":{"$authentication":{"defaultValue":{},"type":"SecureObject"},"$connections":{"defaultValue":{},"type":"Object"}},"triggers":{"manual":{"type":"Request","kind":"PowerAppV2","inputs":{"schema":{"type":"object","properties":{"text":{"description":"Introduzca su entrada","title":"Entrada","type":"string","x-ms-content-hint":"TEXT","x-ms-dynamically-added":true}},"required":["text"]}}}},"actions":{"Inicializar_variable":{"runAfter":{},"type":"InitializeVariable","inputs":{"variables":[{"name":"ContraseñaOriginal","type":"string","value":"@triggerBody()?['text']"}]}},"Redactar":{"runAfter":{"Inicializar_variable":["Succeeded"]},"type":"Compose","inputs":"@base64(variables('ContraseñaOriginal'))\r\n"},"Responder_a_un_flujo_de_aplicación_Power_App":{"runAfter":{"Redactar":["Succeeded"]},"type":"Response","kind":"PowerApp","inputs":{"schema":{"type":"object","properties":{"salida":{"title":"Salida","type":"string","x-ms-content-hint":"TEXT","x-ms-dynamically-added":true}},"additionalProperties":{}},"statusCode":200,"body":{"salida":"@{outputs('Redactar')}"}}}},"description":""},"connectionReferences":{},"flowFailureAlertSubscribed":false,"isManaged":false}}